COUNTRY,EXCH,PWDBE,PCSBE
CHN,6.6,100,660
EUN,0.94,100,94
ROW,1,100,100
USA,1,100,100
BRA,3.5,100,350
IND,47.72708893,100,4772.708893
,,,
