COUNTRY,SEEDRATE,LOSSRATE
CHN,0.04377,0.04168725
JPN,0.038066877,0.000190228
KOR,0.049895493,0.020013652
MEX,0.056463766,0.107485644
EUN,0.049789568,0.018305552
ROW,0.038111875,0.079740624
USA,0.017848244,0.028226909
ARG,0.035869583,0.074860406
BRA,0.026296999,0.109158224
UKR,0.017231821,0.063259863
IND,0.111888426,0.105921409
RUS,0.047353255,0.019605957
